,日期,开盘价,最高价,收盘价,最低价,成交量,价格变动,涨跌幅,5日均价,10日均价,20日均价,5日均量,10日均量,20日均量,换手率
0,2020-06-11 14:00:00,35.58,35.7,34.91,34.81,129503.0,-0.67,-1.88,35.4,34.592,34.038,246233.0,149951.0,100690.0,0.7
1,2020-06-11 15:00:00,34.91,35.11,34.86,34.64,103404.0,-0.05,-0.14,35.266,34.708,34.1165,187104.0,157634.0,103538.0,0.56
2,2020-06-12 10:30:00,34.19,34.68,34.37,34.1,203491.0,0.18,0.53,35.05,34.782,34.1645,178231.0,174900.0,110725.0,1.1
3,2020-06-12 11:30:00,34.36,34.71,34.64,34.32,63216.3,0.28,0.81,34.872,34.886,34.2355,117496.0,177410.0,112553.0,0.34
4,2020-06-12 14:00:00,34.6,35.41,35.31,34.54,111626.0,0.71,2.05,34.818,35.011,34.346,122248.0,174892.0,115928.0,0.61
5,2020-06-12 15:00:00,35.31,35.32,34.89,34.82,97421.7,-0.42,-1.19,34.814,35.107,34.421,115832.0,181032.0,118482.0,0.53
6,2020-06-15 10:30:00,34.86,34.94,34.94,34.21,127521.0,0.08,0.23,34.83,35.048,34.478,120655.0,153880.0,119319.0,0.69
7,2020-06-15 11:30:00,34.92,34.98,34.79,34.56,60444.0,-0.13,-0.37,34.914,34.982,34.535,92045.8,135138.0,120875.0,0.33
8,2020-06-15 14:00:00,34.79,34.79,34.26,34.23,91212.8,-0.53,-1.52,34.838,34.855,34.5645,97645.1,107571.0,123846.0,0.49
9,2020-06-15 15:00:00,34.25,34.55,34.13,34.12,76494.1,-0.12,-0.35,34.602,34.71,34.582,90618.7,106433.0,124707.0,0.41
10,2020-06-16 10:30:00,34.54,34.78,34.49,34.38,109300.0,-0.05,-0.14,34.522,34.668,34.63,92994.4,104413.0,127182.0,0.59
11,2020-06-16 11:30:00,34.49,34.65,34.41,34.36,35378.8,-0.08,-0.23,34.416,34.623,34.6655,74566.0,97610.6,127622.0,0.19
12,2020-06-16 14:00:00,34.4,34.75,34.65,34.4,54128.2,0.25,0.73,34.388,34.651,34.7165,73302.8,82674.3,128787.0,0.29
13,2020-06-16 15:00:00,34.65,35.21,35.07,34.65,138124.0,0.42,1.21,34.55,34.694,34.79,82685.0,90165.1,133788.0,0.75
14,2020-06-17 10:30:00,35.11,35.6,34.85,34.83,168259.0,-0.26,-0.74,34.694,34.648,34.8295,101038.0,95828.3,135360.0,0.91
15,2020-06-17 11:30:00,34.84,34.95,34.8,34.64,59594.5,-0.04,-0.11,34.756,34.639,34.873,91096.9,92045.6,136539.0,0.32
16,2020-06-17 14:00:00,34.79,35,34.85,34.76,30466.4,0.06,0.17,34.844,34.63,34.839,90114.4,82340.2,118110.0,0.17
17,2020-06-17 15:00:00,34.85,35.18,35.09,34.76,61887.2,0.24,0.69,34.932,34.66,34.821,91666.2,82484.5,108811.0,0.34
18,2020-06-18 10:30:00,34.9,35.16,35.01,34.82,94599.2,0.11,0.32,34.92,34.735,34.795,82961.3,82823.1,95196.8,0.51
19,2020-06-18 11:30:00,35.01,35.19,34.99,34.91,47859.2,-0.02,-0.06,34.948,34.821,34.7655,58881.3,79959.6,93196.5,0.26
20,2020-06-18 14:00:00,34.99,35.44,35.16,34.99,72448.3,0.17,0.49,35.02,34.888,34.778,61452.0,76274.5,90343.8,0.39
21,2020-06-18 15:00:00,35.16,35.21,34.96,34.96,73962.2,-0.2,-0.57,35.042,34.943,34.783,70151.2,80132.8,88871.7,0.4
22,2020-06-19 10:30:00,35.14,35.52,35.17,35.11,114011.0,0.03,0.09,35.058,34.995,34.823,80576.0,86121.1,84397.7,0.62
23,2020-06-19 11:30:00,35.18,35.24,35.18,35.02,42873.4,0,0.0,35.092,35.006,34.85,70230.8,76596.0,83380.6,0.23
24,2020-06-19 14:00:00,35.19,35.39,35.32,35.18,63582.3,0.13,0.37,35.158,35.053,34.8505,73375.4,66128.4,80978.4,0.34
25,2020-06-19 15:00:00,35.32,35.35,35.21,35.19,74182.5,-0.11,-0.31,35.168,35.094,34.8665,73722.3,67587.2,79816.4,0.4
26,2020-06-22 10:30:00,35.51,35.65,35.33,35.23,131587.0,-0.18,-0.51,35.242,35.142,34.886,85247.3,77699.2,80019.7,0.71
27,2020-06-22 11:30:00,35.33,35.87,35.73,35.24,112739.0,0.4,1.13,35.354,35.206,34.933,84992.9,82784.4,82634.5,0.61
28,2020-06-22 14:00:00,35.73,35.78,35.5,35.39,66464.6,-0.23,-0.64,35.418,35.255,34.995,89711.1,79970.9,81397.0,0.36
29,2020-06-22 15:00:00,35.49,35.64,35.53,35.32,63647.2,0.04,0.11,35.46,35.309,35.065,89724.1,81549.8,80754.7,0.35
30,2020-06-23 10:30:00,35.55,35.68,35.34,35.09,109294.0,-0.21,-0.59,35.486,35.327,35.1075,96746.3,85234.3,80754.4,0.59
31,2020-06-23 11:30:00,35.34,35.37,35.29,35.16,44585.1,-0.05,-0.14,35.478,35.36,35.1515,79346.0,82296.6,81214.7,0.24
32,2020-06-23 14:00:00,35.3,35.44,35.21,35.16,53484.9,-0.09,-0.25,35.374,35.364,35.1795,67495.2,76244.0,81182.6,0.29
33,2020-06-23 15:00:00,35.2,35.52,35.33,35.16,74532.8,0.13,0.37,35.34,35.379,35.1925,69108.8,79409.9,78003.0,0.4
34,2020-06-24 10:30:00,35.92,37.65,37.09,35.92,458983.0,1.17,3.26,35.652,35.556,35.3045,148176.0,118950.0,92539.2,2.49
35,2020-06-24 11:30:00,37.1,37.1,36.85,36.67,88873.7,-0.25,-0.67,35.954,35.72,35.407,144092.0,120419.0,94003.2,0.48
36,2020-06-24 14:00:00,36.84,36.97,36.71,36.52,65981.4,-0.13,-0.35,36.238,35.858,35.5,148371.0,113859.0,95778.9,0.36
37,2020-06-24 15:00:00,36.7,36.84,36.58,36.56,83421.3,-0.12,-0.33,36.512,35.943,35.5745,154358.0,110927.0,96855.6,0.45
38,2020-06-29 10:30:00,36.55,37.37,36.84,36.55,211483.0,0.29,0.79,36.814,36.077,35.666,181748.0,125429.0,102700.0,1.15
39,2020-06-29 11:30:00,36.83,36.93,36.52,36.38,64527.0,-0.31,-0.84,36.7,36.176,35.7425,102857.0,125517.0,103533.0,0.35
40,2020-06-29 14:00:00,36.5,36.5,36.46,36.18,60604.5,-0.04,-0.11,36.622,36.288,35.8075,97203.4,120648.0,102941.0,0.33
41,2020-06-29 15:00:00,36.47,36.47,36.18,36.08,71941.0,-0.29,-0.8,36.516,36.377,35.8685,98395.4,123383.0,102840.0,0.39
42,2020-06-30 10:30:00,36.99,37.33,37.16,36.8,195818.0,0.17,0.46,36.632,36.572,35.968,120875.0,137617.0,106930.0,1.06
43,2020-06-30 11:30:00,37.16,37.7,37.58,37.03,187876.0,0.42,1.13,36.78,36.797,36.088,116153.0,148951.0,114180.0,1.02
44,2020-06-30 14:00:00,37.57,37.73,37.26,37.26,106394.0,-0.31,-0.83,36.928,36.814,36.185,124527.0,113692.0,116321.0,0.58
45,2020-06-30 15:00:00,37.26,37.46,37.43,37.18,100753.0,0.17,0.46,37.122,36.872,36.296,132556.0,114880.0,117650.0,0.55
46,2020-07-01 10:30:00,37.63,37.69,37.21,37.15,141172.0,-0.42,-1.12,37.328,36.922,36.39,146403.0,122399.0,118129.0,0.77
47,2020-07-01 11:30:00,37.21,37.58,37.46,37.19,62958.4,0.25,0.67,37.388,37.01,36.4765,119831.0,120353.0,115640.0,0.34
48,2020-07-01 14:00:00,37.48,37.5,36.92,36.68,152062.0,-0.56,-1.49,37.256,37.018,36.5475,112668.0,114411.0,119920.0,0.82
49,2020-07-01 15:00:00,36.91,37.29,37.22,36.76,69825.8,0.31,0.84,37.248,37.088,36.632,105354.0,114940.0,120229.0,0.38
50,2020-07-02 10:30:00,37.36,38.68,38.49,37.06,303734.0,1.13,3.02,37.46,37.291,36.7895,145951.0,139253.0,129951.0,1.65
51,2020-07-02 11:30:00,38.43,38.6,38.4,38.16,99324.5,-0.03,-0.08,37.698,37.513,36.945,137581.0,141992.0,132688.0,0.54
52,2020-07-02 14:00:00,38.47,38.47,37.89,37.82,85331.3,-0.58,-1.51,37.784,37.586,37.079,142056.0,130943.0,134280.0,0.46
53,2020-07-02 15:00:00,37.9,38.18,37.99,37.88,86704.5,0.09,0.24,37.998,37.627,37.212,128984.0,120826.0,134888.0,0.47
54,2020-07-03 10:30:00,37.95,38.24,37.67,37.61,190723.0,-0.28,-0.74,38.088,37.668,37.241,153163.0,129259.0,121475.0,1.03
55,2020-07-03 11:30:00,37.66,38.14,37.97,37.65,60114.5,0.31,0.82,37.984,37.722,37.297,104440.0,125195.0,120037.0,0.33
56,2020-07-03 14:00:00,37.98,38.14,37.99,37.86,67761.5,0.01,0.03,37.902,37.8,37.361,98127.0,117854.0,120126.0,0.37
57,2020-07-03 15:00:00,38,38.15,38.12,37.9,89063.2,0.12,0.32,37.948,37.866,37.438,98873.3,120464.0,120409.0,0.48
58,2020-07-06 10:30:00,38.82,39.32,38.82,38.51,264624.0,0,0.0,38.114,38.056,37.537,134457.0,131721.0,123066.0,1.44
59,2020-07-06 11:30:00,38.82,39.39,39.39,38.67,135458.0,0.57,1.47,38.458,38.273,37.6805,123404.0,138284.0,126612.0,0.73
60,2020-07-06 14:00:00,39.39,39.8,39.38,39.24,160841.0,-0.01,-0.03,38.74,38.362,37.8265,143549.0,123995.0,131624.0,0.87
61,2020-07-06 15:00:00,39.38,39.41,39.39,39.19,131309.0,0.01,0.03,39.02,38.461,37.987,156259.0,127193.0,134592.0,0.71
62,2020-07-07 10:30:00,40.26,42.59,40.92,40.2,489617.0,0.66,1.64,39.58,38.764,38.175,236370.0,167622.0,149282.0,2.66
63,2020-07-07 11:30:00,40.92,41.31,40.99,40.61,117057.0,0.07,0.17,40.014,39.064,38.3455,206856.0,170657.0,145741.0,0.63
64,2020-07-07 14:00:00,41,41.69,41.29,41,124344.0,0.29,0.71,40.394,39.426,38.547,204634.0,164019.0,146639.0,0.67
65,2020-07-07 15:00:00,41.29,41.38,40.4,40.4,163918.0,-0.89,-2.16,40.598,39.669,38.6955,205249.0,174399.0,149797.0,0.89
66,2020-07-08 10:30:00,40.41,41.19,39.9,39.53,333536.0,-0.51,-1.26,40.7,39.86,38.83,245694.0,200977.0,159415.0,1.81
67,2020-07-08 11:30:00,39.88,40.32,40.09,39.86,81575.6,0.21,0.53,40.534,40.057,38.9615,164086.0,200228.0,160346.0,0.44
68,2020-07-08 14:00:00,40.1,40.91,40.6,40.09,124299.0,0.5,1.25,40.456,40.235,39.1455,165535.0,186195.0,158958.0,0.67
69,2020-07-08 15:00:00,40.6,41.09,40.93,40.58,168036.0,0.33,0.81,40.384,40.389,39.331,174273.0,189453.0,163869.0,0.91
70,2020-07-09 10:30:00,40.93,41.9,41.45,40.75,294883.0,0.52,1.27,40.594,40.596,39.479,200466.0,202857.0,163426.0,1.6
71,2020-07-09 11:30:00,41.43,41.57,41.51,41.03,114732.0,0.08,0.19,40.916,40.808,39.6345,156705.0,201200.0,164196.0,0.62
72,2020-07-09 14:00:00,41.51,42.88,42.88,41.51,311719.0,1.37,3.3,41.474,41.004,39.884,202734.0,183410.0,175516.0,1.69
73,2020-07-09 15:00:00,42.9,42.96,42.39,41.9,167725.0,-0.51,-1.19,41.832,41.144,40.104,211419.0,188477.0,179567.0,0.91
74,2020-07-10 10:30:00,42.11,42.4,41.45,41.45,276208.0,-0.66,-1.57,41.936,41.16,40.293,233053.0,203663.0,183841.0,1.5
75,2020-07-10 11:30:00,41.43,41.81,41.59,41.01,162189.0,0.16,0.39,41.964,41.279,40.474,206515.0,203490.0,188945.0,0.88
76,2020-07-10 14:00:00,41.6,41.67,41.51,41.24,87076.1,-0.09,-0.22,41.964,41.44,40.65,200983.0,178844.0,189910.0,0.47
77,2020-07-10 15:00:00,41.52,41.59,41.14,41.01,151015.0,-0.38,-0.92,41.616,41.545,40.801,168843.0,185788.0,193008.0,0.82
78,2020-07-13 10:30:00,41.03,41.76,41.38,40.95,219110.0,0.35,0.85,41.414,41.623,40.929,179120.0,195269.0,190732.0,1.19
79,2020-07-13 11:30:00,41.4,41.48,41.4,41.01,124137.0,0,0.0,41.404,41.67,41.0295,148705.0,190879.0,190166.0,0.67
80,2020-07-13 14:00:00,41.4,41.63,41.36,41.31,146799.0,-0.04,-0.1,41.358,41.661,41.1285,145628.0,176071.0,189464.0,0.8
81,2020-07-13 15:00:00,41.36,41.58,41.58,41.09,153874.0,0.22,0.53,41.372,41.668,41.238,158987.0,179985.0,190592.0,0.83
82,2020-07-14 10:30:00,41.59,41.59,40.24,40.22,357432.0,-1.35,-3.25,41.192,41.404,41.204,200270.0,184557.0,183983.0,1.94
83,2020-07-14 11:30:00,40.2,40.58,40.18,39.84,167587.0,-0.02,-0.05,40.952,41.183,41.1635,189966.0,184543.0,186510.0,0.91
84,2020-07-14 14:00:00,40.17,40.23,39.5,39.25,208518.0,-0.67,-1.67,40.572,40.988,41.074,206842.0,177774.0,190718.0,1.13
85,2020-07-14 15:00:00,39.5,40.15,39.91,39.43,129933.0,0.41,1.04,40.282,40.82,41.0495,203469.0,174548.0,189019.0,0.7
86,2020-07-15 10:30:00,40.1,40.41,39.37,39.37,205936.0,-0.73,-1.82,39.84,40.606,41.023,213881.0,186434.0,182639.0,1.12
87,2020-07-15 11:30:00,39.35,39.4,39.01,38.72,166710.0,-0.34,-0.86,39.594,40.393,40.969,175737.0,188004.0,186896.0,0.9
88,2020-07-15 14:00:00,39,39.75,39.54,38.89,83606.7,0.54,1.38,39.466,40.209,40.916,158941.0,174453.0,184861.0,0.45
89,2020-07-15 15:00:00,39.54,39.63,38.8,38.66,104066.0,-0.74,-1.87,39.326,39.949,40.8095,138050.0,172446.0,181663.0,0.56
90,2020-07-16 10:30:00,38.9,39.25,38.34,38.27,197206.0,-0.56,-1.44,39.012,39.647,40.654,151505.0,177487.0,176779.0,1.07
91,2020-07-16 11:30:00,38.34,39.45,38.98,38.34,140882.0,0.64,1.67,38.934,39.387,40.5275,138494.0,176188.0,178086.0,0.76
92,2020-07-16 14:00:00,39,39,37.91,37.69,158830.0,-1.09,-2.79,38.714,39.154,40.279,136918.0,156327.0,170442.0,0.86
93,2020-07-16 15:00:00,37.97,38.19,37.03,36.81,187659.0,-0.94,-2.48,38.212,38.839,40.011,157729.0,158335.0,171439.0,1.02
94,2020-07-17 10:30:00,37.54,37.6,37.49,36.93,174875.0,-0.05,-0.13,37.95,38.638,39.813,171890.0,154970.0,166372.0,0.95
95,2020-07-17 11:30:00,37.49,37.85,36.88,36.87,105277.0,-0.61,-1.63,37.658,38.335,39.5775,153505.0,152505.0,163526.0,0.57
96,2020-07-17 14:00:00,36.88,37.26,37.1,36.67,78405.1,0.22,0.6,37.282,38.108,39.357,141009.0,139752.0,163093.0,0.43
97,2020-07-17 15:00:00,37.09,37.42,37.24,37.06,75793.5,0.15,0.4,37.148,37.931,39.162,124402.0,130660.0,159332.0,0.41
98,2020-07-20 10:30:00,37.7,37.8,36.54,36.11,233626.0,-1.16,-3.08,37.05,37.631,38.92,133595.0,145662.0,160058.0,1.27
99,2020-07-20 11:30:00,36.56,37.36,37.13,36.4,99133.0,0.57,1.56,36.978,37.464,38.7065,118447.0,145169.0,158807.0,0.54
100,2020-07-20 14:00:00,37.13,37.55,37.19,37.09,121020.0,0.06,0.16,37.04,37.349,38.498,121596.0,137550.0,157518.0,0.66
101,2020-07-20 15:00:00,37.19,37.81,37.77,37.18,117056.0,0.58,1.56,37.174,37.228,38.3075,129326.0,135167.0,155678.0,0.63
102,2020-07-21 10:30:00,37.9,38.48,37.96,37.62,206577.0,0.06,0.16,37.318,37.233,38.1935,155482.0,139942.0,148135.0,1.12
103,2020-07-21 11:30:00,37.95,38.14,38.14,37.78,72638.2,0.19,0.5,37.638,37.344,38.0915,123285.0,128440.0,143387.0,0.39
104,2020-07-21 14:00:00,38.14,38.39,38.1,38.07,63606.6,-0.04,-0.1,37.832,37.405,38.0215,116180.0,117313.0,136142.0,0.34
105,2020-07-21 15:00:00,38.1,38.22,37.99,37.89,70691.7,-0.11,-0.29,37.992,37.516,37.9255,106114.0,113855.0,133180.0,0.38
106,2020-07-22 10:30:00,37.8,38.41,38.32,37.61,133860.0,0.52,1.38,38.102,37.638,37.873,109475.0,119400.0,129576.0,0.73
107,2020-07-22 11:30:00,38.33,38.58,38.46,38.18,96206.3,0.13,0.34,38.202,37.76,37.8455,87400.6,121441.0,126051.0,0.52
108,2020-07-22 14:00:00,38.46,38.48,38.13,38.11,62785.3,-0.33,-0.86,38.2,37.919,37.775,85430.0,104357.0,125010.0,0.34
109,2020-07-22 15:00:00,38.13,38.27,38.02,37.83,78663.9,-0.11,-0.29,38.184,38.008,37.736,88441.4,102310.0,123740.0,0.43
110,2020-07-23 10:30:00,37.66,37.98,36.87,36.65,196636.0,-0.79,-2.1,37.96,37.976,37.6625,113630.0,109872.0,123711.0,1.07
111,2020-07-23 11:30:00,36.88,36.98,36.9,36.58,110882.0,0.02,0.05,37.676,37.889,37.5585,109035.0,109255.0,122211.0,0.6
112,2020-07-23 14:00:00,36.91,37.28,37.25,36.85,53324.0,0.34,0.92,37.434,37.818,37.5255,100458.0,93929.4,116936.0,0.29
113,2020-07-23 15:00:00,37.25,37.36,37.22,37.03,63138.4,-0.03,-0.08,37.252,37.726,37.535,100529.0,92979.4,110710.0,0.34
114,2020-07-24 10:30:00,37,38.31,37.67,36.92,198825.0,0.67,1.81,37.182,37.683,37.544,124561.0,106501.0,111907.0,1.08
115,2020-07-24 11:30:00,37.68,37.73,36.75,36.75,86290.2,-0.93,-2.47,37.158,37.559,37.5375,102492.0,108061.0,110958.0,0.47
116,2020-07-24 14:00:00,36.77,36.77,36.28,36.09,147810.0,-0.49,-1.33,37.034,37.355,37.4965,109877.0,109456.0,114428.0,0.8
117,2020-07-24 15:00:00,36.26,36.3,35.96,35.69,137238.0,-0.3,-0.83,36.776,37.105,37.4325,126660.0,113559.0,117500.0,0.74
118,2020-07-27 10:30:00,36.18,36.35,35.81,35.7,129757.0,-0.37,-1.02,36.494,36.873,37.396,139984.0,120256.0,112307.0,0.7
119,2020-07-27 11:30:00,35.81,36.1,35.74,35.74,45897.1,-0.07,-0.2,36.108,36.645,37.3265,109398.0,116980.0,109645.0,0.25
120,2020-07-27 14:00:00,35.73,35.97,35.81,35.42,62358.0,0.08,0.22,35.92,36.539,37.2575,104612.0,103552.0,106712.0,0.34
121,2020-07-27 15:00:00,35.82,35.95,35.95,35.5,45730.8,0.13,0.36,35.854,36.444,37.1665,84196.2,97036.8,103146.0,0.25
122,2020-07-28 10:30:00,36.32,36.4,36.05,35.79,112012.0,-0.27,-0.74,35.872,36.324,37.071,79150.9,102906.0,98417.5,0.61
123,2020-07-28 11:30:00,36.03,36.15,35.94,35.82,39880.0,-0.09,-0.25,35.898,36.196,36.961,61175.6,100580.0,96779.6,0.22
124,2020-07-28 14:00:00,35.95,36.04,35.75,35.69,42678.0,-0.2,-0.56,35.9,36.004,36.8435,60531.8,84965.1,95733.2,0.23
125,2020-07-28 15:00:00,35.73,36.01,36,35.69,41572.8,0.27,0.76,35.938,35.929,36.744,56374.7,80493.4,94277.2,0.23
126,2020-07-29 10:30:00,36.05,36.69,36.64,35.87,142320.0,0.59,1.64,36.076,35.965,36.66,75692.6,79944.4,94700.2,0.77
127,2020-07-29 11:30:00,36.64,36.86,36.61,36.5,66915.7,-0.03,-0.08,36.188,36.03,36.5675,66673.3,72912.1,93235.7,0.36
128,2020-07-29 14:00:00,36.62,36.83,36.83,36.57,46381.1,0.21,0.57,36.366,36.132,36.5025,67973.5,64574.6,92415.5,0.25
129,2020-07-29 15:00:00,36.83,37.17,37.16,36.77,100632.0,0.33,0.9,36.648,36.274,36.4595,79564.3,70048.0,93513.9,0.55
130,2020-07-30 10:30:00,36.41,36.79,36.4,36.29,219687.0,-0.01,-0.03,36.728,36.333,36.436,115187.0,85781.0,94666.5,1.19
131,2020-07-30 11:30:00,36.41,36.5,36.38,36.3,54273.2,-0.03,-0.08,36.676,36.376,36.41,97577.8,86635.2,91836.0,0.29
132,2020-07-30 14:00:00,36.4,36.47,36.41,36.17,59377.7,0.01,0.03,36.636,36.412,36.368,96070.2,81371.8,92138.7,0.32
133,2020-07-30 15:00:00,36.41,36.44,36.23,36.19,63877.5,-0.18,-0.49,36.516,36.441,36.3185,99569.5,83771.5,92175.7,0.35
134,2020-07-31 10:30:00,36.33,37,36.67,36.33,128407.0,0.34,0.94,36.418,36.533,36.2685,105124.0,92344.4,88654.8,0.7
135,2020-07-31 11:30:00,36.67,36.71,36.46,36.18,70765.8,-0.21,-0.57,36.43,36.579,36.254,75340.2,95263.7,87878.5,0.38
136,2020-07-31 14:00:00,36.43,36.62,36.42,36.37,51971.4,-0.01,-0.03,36.438,36.557,36.261,74879.9,86228.8,83086.6,0.28
137,2020-07-31 15:00:00,36.45,36.63,36.61,36.38,52170.3,0.16,0.44,36.478,36.557,36.2935,73438.4,84754.3,78833.2,0.28
138,2020-08-03 10:30:00,36.84,37.59,37.19,36.84,149165.0,0.35,0.95,36.67,36.593,36.3625,90495.9,95032.7,79803.6,0.81
139,2020-08-03 11:30:00,37.2,37.6,37.41,37.2,86968.0,0.21,0.56,36.818,36.618,36.446,82208.1,93666.3,81857.2,0.47
140,2020-08-03 14:00:00,37.42,37.91,37.77,37.42,97695.8,0.35,0.94,37.08,36.755,36.544,87594.1,81467.2,83624.1,0.53
141,2020-08-03 15:00:00,37.77,37.82,37.75,37.56,90243.3,-0.02,-0.05,37.346,36.892,36.634,95248.5,85064.2,85849.7,0.49
142,2020-08-04 10:30:00,37.79,37.88,37.5,37.42,115480.0,-0.29,-0.77,37.524,37.001,36.7065,107911.0,90674.4,86023.1,0.63
143,2020-08-04 11:30:00,37.5,37.67,37.39,37.37,53364.9,-0.11,-0.29,37.564,37.117,36.779,88750.4,89623.2,86697.3,0.29
144,2020-08-04 14:00:00,37.39,37.49,37.42,37.15,53751.1,0.03,0.08,37.566,37.192,36.8625,82107.0,82157.6,87251.0,0.29
145,2020-08-04 15:00:00,37.43,37.61,37.47,37.21,63629.6,0.04,0.11,37.506,37.293,36.936,75293.8,81443.9,88353.8,0.35
146,2020-08-05 10:30:00,37.96,37.98,37.48,37.17,113849.0,-0.48,-1.26,37.452,37.399,36.978,80015.0,87631.7,86930.3,0.62
147,2020-08-05 11:30:00,37.47,37.51,37.51,37.25,37625.7,0.04,0.11,37.454,37.489,37.023,64444.1,86177.2,85465.8,0.2
148,2020-08-05 14:00:00,37.52,37.63,37.33,37.3,52311.1,-0.19,-0.51,37.442,37.503,37.048,64233.3,76491.8,85762.3,0.28
149,2020-08-05 15:00:00,37.33,37.4,37.4,37.19,58152.4,0.07,0.19,37.438,37.502,37.06,65113.6,73610.3,83638.3,0.32
150,2020-08-06 10:30:00,37.55,38.84,38.65,37.36,232580.0,1.1,2.93,37.674,37.59,37.1725,98903.6,87098.7,84282.9,1.26
151,2020-08-06 11:30:00,38.64,39.1,38.99,38.37,263861.0,0.35,0.91,37.976,37.714,37.303,128906.0,104461.0,94762.4,1.43
152,2020-08-06 14:00:00,39,39.09,38.84,38.69,106662.0,-0.16,-0.41,38.242,37.848,37.4245,142713.0,103579.0,97126.5,0.58
153,2020-08-06 15:00:00,38.84,38.97,38.7,38.65,91764.7,-0.14,-0.36,38.516,37.979,37.548,150604.0,107419.0,98520.9,0.5
154,2020-08-07 10:30:00,38.37,38.62,38.01,37.98,163493.0,-0.36,-0.94,38.638,38.038,37.615,171672.0,118393.0,100275.0,0.89
155,2020-08-07 11:30:00,37.99,38.08,37.6,37.6,93467.2,-0.39,-1.03,38.428,38.051,37.672,143850.0,121377.0,101410.0,0.51
156,2020-08-07 14:00:00,37.56,37.98,37.88,37.17,115992.0,0.32,0.85,38.206,38.091,37.745,114276.0,121591.0,104611.0,0.63
157,2020-08-07 15:00:00,37.89,38.2,37.99,37.89,83488.1,0.1,0.26,38.036,38.139,37.814,109641.0,126177.0,106177.0,0.45
158,2020-08-10 10:30:00,37.8,38.47,37.96,37.53,115431.0,0.16,0.42,37.888,38.202,37.8525,114374.0,132489.0,104490.0,0.63
159,2020-08-10 11:30:00,37.96,38.06,37.85,37.66,41184.7,-0.11,-0.29,37.856,38.247,37.8745,89912.6,130792.0,102201.0,0.22
160,2020-08-10 14:00:00,37.84,38.2,38.1,37.8,39978.3,0.26,0.69,37.956,38.192,37.891,79214.8,111532.0,99315.5,0.22
161,2020-08-10 15:00:00,38.1,38.38,38.06,38.02,84354.4,-0.04,-0.1,37.992,38.099,37.9065,72887.3,93581.5,99021.0,0.46
162,2020-08-11 10:30:00,38.07,38.28,37.82,37.81,90325.0,-0.25,-0.66,37.958,37.997,37.9225,74254.7,91947.8,97763.3,0.49
163,2020-08-11 11:30:00,37.83,37.93,37.8,37.74,41020.9,-0.03,-0.08,37.926,37.907,37.943,59372.7,86873.5,97146.1,0.22
164,2020-08-11 14:00:00,37.8,37.93,37.77,37.71,40794.1,-0.03,-0.08,37.91,37.883,37.9605,59294.5,74603.6,96498.2,0.22
165,2020-08-11 15:00:00,37.78,37.8,36.77,36.74,163176.0,-1.01,-2.67,37.644,37.8,37.9255,83934.2,81574.5,101476.0,0.88
166,2020-08-12 10:30:00,36.7,36.73,35.87,35.61,184730.0,-0.83,-2.26,37.206,37.599,37.845,104009.0,88448.2,105020.0,1.0
167,2020-08-12 11:30:00,35.81,36.2,35.75,35.68,49813.1,-0.06,-0.17,36.792,37.375,37.757,95906.8,85080.8,105629.0,0.27
168,2020-08-12 14:00:00,35.75,36.34,36.18,35.67,56510.5,0.43,1.2,36.468,37.197,37.6995,99004.7,79188.7,105839.0,0.31
169,2020-08-12 15:00:00,36.18,36.43,36.37,36.11,51078.7,0.19,0.53,36.188,37.049,37.648,101062.0,80178.1,105485.0,0.28
170,2020-08-13 10:30:00,36.55,36.76,36.69,36.32,73775.1,0.14,0.38,36.172,36.908,37.55,83181.5,83557.8,97545.0,0.4
171,2020-08-13 11:30:00,36.69,37.09,36.72,36.64,57398.5,0.03,0.08,36.342,36.774,37.4365,57715.2,80862.2,87221.9,0.31
172,2020-08-13 14:00:00,36.72,36.99,36.79,36.68,35037.6,0.07,0.19,36.55,36.671,37.334,54760.1,75333.4,83640.6,0.19
173,2020-08-13 15:00:00,36.78,36.82,36.62,36.5,41362.9,-0.16,-0.44,36.638,36.553,37.23,51730.6,75367.6,81120.6,0.22
174,2020-08-14 10:30:00,36.65,39.5,38.79,36.65,566462.0,2.14,5.84,37.122,36.655,37.269,154807.0,127934.0,101269.0,3.07
175,2020-08-14 11:30:00,38.8,38.8,38.41,38.06,150274.0,-0.39,-1.01,37.466,36.819,37.3095,170107.0,126644.0,104109.0,0.81
176,2020-08-14 14:00:00,38.39,38.58,38.4,38.26,47629.3,0.01,0.03,37.802,37.072,37.3355,168153.0,112934.0,100691.0,0.26
177,2020-08-14 15:00:00,38.41,38.5,38.46,38.35,89623.3,0.05,0.13,38.136,37.343,37.359,179070.0,116915.0,100998.0,0.49
178,2020-08-17 10:30:00,38.46,38.87,38.43,37.96,189342.0,-0.03,-0.08,38.498,37.568,37.3825,208666.0,130198.0,104694.0,1.03
179,2020-08-17 11:30:00,38.42,38.8,38.76,38.39,83517.1,0.34,0.88,38.492,37.807,37.428,112077.0,133442.0,106810.0,0.45
180,2020-08-17 14:00:00,38.77,39.51,39.27,38.66,191797.0,0.5,1.29,38.664,38.065,37.4865,120382.0,145244.0,114401.0,1.04
181,2020-08-17 15:00:00,39.27,39.27,39,38.92,110665.0,-0.27,-0.69,38.784,38.293,37.5335,132989.0,150571.0,115717.0,0.6
182,2020-08-18 10:30:00,39.12,39.12,38.69,38.52,121318.0,-0.43,-1.1,38.83,38.483,37.577,139328.0,159199.0,117266.0,0.66
183,2020-08-18 11:30:00,38.68,38.76,38.68,38.51,62766.7,0,0.0,38.88,38.689,37.621,114013.0,161339.0,118354.0,0.34
184,2020-08-18 14:00:00,38.68,38.82,38.59,38.58,44412.5,-0.09,-0.23,38.846,38.669,37.662,106192.0,109134.0,118534.0,0.24
185,2020-08-18 15:00:00,38.59,38.74,38.58,38.41,93930.8,-0.01,-0.03,38.708,38.686,37.7525,86618.6,103500.0,115072.0,0.51
186,2020-08-19 10:30:00,38.9,38.9,38.1,38.06,130832.0,-0.8,-2.06,38.528,38.656,37.864,90652.0,111820.0,112377.0,0.71
187,2020-08-19 11:30:00,38.09,38.41,38.36,38.04,34170.3,0.27,0.71,38.462,38.646,37.9945,73222.5,106275.0,111595.0,0.19
188,2020-08-19 14:00:00,38.4,38.55,38.21,38.18,43309.2,-0.19,-0.49,38.368,38.624,38.096,69331.0,91671.9,110935.0,0.23
189,2020-08-19 15:00:00,38.21,38.24,37.84,37.67,101225.0,-0.37,-0.97,38.218,38.532,38.1695,80693.4,93442.6,113442.0,0.55
190,2020-08-20 10:30:00,37.76,38.17,37.85,37.55,92308.0,0.09,0.24,38.072,38.39,38.2275,80368.9,83493.8,114369.0,0.5
191,2020-08-20 11:30:00,37.85,37.93,37.5,37.38,66169.5,-0.35,-0.92,37.952,38.24,38.2665,67436.4,79044.2,114808.0,0.36
192,2020-08-20 14:00:00,37.51,37.67,37.63,37.39,44097.2,0.12,0.32,37.806,38.134,38.3085,69421.8,71322.1,115261.0,0.24
193,2020-08-20 15:00:00,37.6,37.6,37.35,37.21,69099.9,-0.25,-0.66,37.634,38.001,38.345,74579.9,71955.4,116647.0,0.37
194,2020-08-21 10:30:00,37.5,39,38.41,37.5,226994.0,0.91,2.43,37.748,37.983,38.326,99733.6,90213.5,99674.0,1.23
195,2020-08-21 11:30:00,38.41,38.53,38.36,38.27,53433.2,-0.05,-0.13,37.85,37.961,38.3235,91958.8,86163.8,94832.0,0.29
196,2020-08-21 14:00:00,38.37,39.04,38.72,38.32,151190.0,0.35,0.91,38.094,38.023,38.3395,108963.0,88199.6,100010.0,0.82
197,2020-08-21 15:00:00,38.74,38.97,38.8,38.44,174748.0,0.06,0.15,38.328,38.067,38.3565,135093.0,102257.0,104266.0,0.95
198,2020-08-24 10:30:00,38.8,38.8,38.39,37.32,264964.0,-0.41,-1.06,38.536,38.085,38.3545,174266.0,124423.0,108047.0,1.44
199,2020-08-24 11:30:00,38.37,38.85,38.74,38.24,79154.8,0.37,0.96,38.602,38.175,38.3535,144698.0,122216.0,107829.0,0.43
200,2020-08-24 14:00:00,38.74,38.74,38.42,38.27,64022.8,-0.32,-0.83,38.614,38.232,38.311,146816.0,119387.0,101441.0,0.35
201,2020-08-24 15:00:00,38.39,38.43,38.32,38.13,76557.8,-0.07,-0.18,38.534,38.314,38.277,131889.0,120426.0,99735.2,0.42
202,2020-08-25 10:30:00,38.2,38.88,38.88,38.05,150548.0,0.68,1.78,38.55,38.439,38.2865,127050.0,131071.0,101197.0,0.82
203,2020-08-25 11:30:00,38.88,38.88,38.27,38.16,75675.4,-0.61,-1.57,38.526,38.531,38.266,89191.8,131729.0,101842.0,0.41
204,2020-08-25 14:00:00,38.25,38.39,38.19,38.05,52178.8,-0.06,-0.16,38.416,38.509,38.246,83796.6,114247.0,102230.0,0.28
205,2020-08-25 15:00:00,38.19,38.33,38.13,38.02,52375.3,-0.06,-0.16,38.358,38.486,38.2235,81467.0,114141.0,100153.0,0.28
206,2020-08-26 10:30:00,38,38.47,38.15,37.67,104455.0,0.15,0.39,38.324,38.429,38.226,87046.5,109468.0,98833.8,0.57
207,2020-08-26 11:30:00,38.16,38.27,37.51,37.5,79269.6,-0.65,-1.7,38.05,38.3,38.1835,72790.8,99920.2,101089.0,0.43
208,2020-08-26 14:00:00,37.54,37.64,37.01,36.93,118625.0,-0.53,-1.41,37.798,38.162,38.1235,81380.7,85286.2,104855.0,0.64
209,2020-08-26 15:00:00,37.01,37.21,37.13,36.95,74842.4,0.12,0.32,37.586,38.001,38.088,85913.4,84855.0,103535.0,0.41
210,2020-08-27 10:30:00,37.3,37.47,36.74,36.54,128194.0,-0.56,-1.5,37.308,37.833,38.0325,101077.0,91272.2,105330.0,0.7
211,2020-08-27 11:30:00,36.75,37.06,37.01,36.6,54647.9,0.26,0.71,37.08,37.702,38.008,91115.8,89081.1,104754.0,0.3
212,2020-08-27 14:00:00,37,37.3,37.1,37,42983.9,0.1,0.27,36.998,37.524,37.9815,83858.6,78324.7,104698.0,0.23
213,2020-08-27 15:00:00,37.11,37.24,37.23,36.9,66686.8,0.12,0.32,37.042,37.42,37.9755,73471.0,77425.9,104577.0,0.36
214,2020-08-28 10:30:00,37.19,37.19,36.83,36.82,70758.0,-0.36,-0.97,36.982,37.284,37.8965,72654.1,79283.8,96765.5,0.38
215,2020-08-28 11:30:00,36.83,37.04,37.04,36.77,43997.0,0.21,0.57,37.042,37.175,37.8305,55814.7,78446.0,96293.7,0.24
216,2020-08-28 14:00:00,37.04,37.35,37.35,37,50701.2,0.31,0.84,37.11,37.095,37.762,55025.4,73070.6,91269.3,0.27
217,2020-08-28 15:00:00,37.35,37.59,37.54,37.25,88465.1,0.19,0.51,37.198,37.098,37.699,64121.6,73990.1,86955.1,0.48
218,2020-08-31 10:30:00,38.01,38.6,38.42,38.01,185025.0,0.41,1.08,37.436,37.239,37.7005,87789.2,80630.1,82958.2,1.0
219,2020-08-31 11:30:00,38.41,38.45,38.24,38.13,54250.9,-0.17,-0.44,37.718,37.35,37.6755,84487.8,78571.0,81713.0,0.29
220,2020-08-31 14:00:00,38.24,38.26,38.17,38.12,33519.8,-0.07,-0.18,37.944,37.493,37.663,82392.4,69103.6,80187.8,0.18
221,2020-08-31 15:00:00,38.17,38.17,37.7,37.68,72560.9,-0.47,-1.23,38.014,37.562,37.632,86764.3,70894.9,79988.0,0.39
222,2020-09-01 10:30:00,37.7,38.31,38.08,37.56,102724.0,0.38,1.01,38.122,37.66,37.592,89616.2,76868.9,77596.8,0.56
223,2020-09-01 11:30:00,38.07,38.63,38.42,37.94,141651.0,0.35,0.92,38.122,37.779,37.5995,80941.2,84365.2,80895.6,0.77
224,2020-09-01 14:00:00,38.44,38.47,38.37,38.22,65340.4,-0.07,-0.18,38.148,37.933,37.6085,83159.2,83823.5,81553.7,0.35
225,2020-09-01 15:00:00,38.36,38.4,38.38,38.12,70451.1,0.02,0.05,38.19,38.067,37.621,90545.5,86468.9,82457.4,0.38
226,2020-09-02 10:30:00,38.28,38.39,38.08,37.93,107047.0,-0.2,-0.52,38.266,38.14,37.6175,97442.7,92103.5,82587.0,0.58
227,2020-09-02 11:30:00,38.08,38.26,38.05,37.77,75859.4,-0.03,-0.08,38.26,38.191,37.6445,92069.8,90843.0,82416.5,0.41
228,2020-09-02 14:00:00,38.06,38.24,38.16,38.01,43223.7,0.1,0.26,38.208,38.165,37.702,72384.3,76662.8,78646.5,0.23
229,2020-09-02 15:00:00,38.17,38.35,38.16,38.12,56043.9,-0.01,-0.03,38.166,38.157,37.7535,70525.0,76842.1,77706.6,0.3
230,2020-09-03 10:30:00,38.08,38.14,37.71,37.55,114745.0,-0.37,-0.97,38.032,38.111,37.802,79383.8,84964.6,77034.1,0.62
231,2020-09-03 11:30:00,37.71,37.88,37.56,37.36,74357.9,-0.15,-0.4,37.928,38.097,37.8295,72846.0,85144.3,78019.6,0.4
232,2020-09-03 14:00:00,37.58,37.71,37.58,37.43,35622.5,0,0.0,37.834,38.047,37.8535,64798.6,78434.2,77651.5,0.19
233,2020-09-03 15:00:00,37.55,37.56,37.23,37.22,77146.5,-0.32,-0.85,37.648,37.928,37.8535,71583.2,71983.7,78174.5,0.42
234,2020-09-04 10:30:00,36.78,37.19,36.9,36.68,113199.0,0.12,0.33,37.396,37.781,37.857,83014.2,76769.6,80296.6,0.61
235,2020-09-04 11:30:00,36.88,36.99,36.55,36.4,97600.1,-0.33,-0.89,37.164,37.598,37.8325,79585.2,79484.5,82976.7,0.53
236,2020-09-04 14:00:00,36.54,36.84,36.78,36.51,42541.1,0.24,0.66,37.008,37.468,37.804,73221.8,73033.9,82568.7,0.23
237,2020-09-04 15:00:00,36.79,37.05,36.98,36.75,41996.3,0.19,0.52,36.888,37.361,37.776,74496.6,69647.6,80245.3,0.23
238,2020-09-07 10:30:00,36.98,37.21,36.91,36.75,72833.8,-0.07,-0.19,36.824,37.236,37.7005,73634.1,72608.6,74635.7,0.4
239,2020-09-07 11:30:00,36.9,36.9,36.9,36.7,35521.1,0,0.0,36.824,37.11,37.6335,58098.5,70556.3,73699.2,0.19
240,2020-09-07 14:00:00,36.9,36.9,36.58,36.5,46395.4,-0.32,-0.87,36.83,36.997,37.554,47857.5,63721.4,74343.0,0.25
241,2020-09-07 15:00:00,36.58,36.65,36.05,35.9,118098.0,-0.53,-1.45,36.684,36.846,37.4715,62968.9,68095.4,76619.8,0.64
242,2020-09-08 10:30:00,36.08,36.37,36,35.87,73481.6,-0.08,-0.22,36.488,36.688,37.3675,69266.0,71881.3,75157.7,0.4
243,2020-09-08 11:30:00,36.01,36.26,36.01,35.95,32734.5,0,0.0,36.308,36.566,37.247,61246.1,67440.1,69711.9,0.18
244,2020-09-08 14:00:00,36.04,36.45,36.33,35.9,44548.8,0.29,0.8,36.194,36.509,37.145,63051.7,60575.1,68672.3,0.24
245,2020-09-08 15:00:00,36.33,36.4,36.34,36.24,31390.6,0.01,0.03,36.146,36.488,37.043,60050.7,53954.1,66719.3,0.17
246,2020-09-09 10:30:00,36.05,36.05,35.08,34.96,158206.0,-0.97,-2.69,35.952,36.318,36.893,68072.2,65520.6,69277.2,0.86
247,2020-09-09 11:30:00,35.08,35.35,35.24,34.73,64334.5,0.16,0.46,35.8,36.144,36.7525,66242.9,67754.4,68701.0,0.35
248,2020-09-09 14:00:00,35.23,35.39,34.94,34.92,40165.2,-0.29,-0.82,35.586,35.947,36.5915,67729.0,64487.6,68548.1,0.22
249,2020-09-09 15:00:00,34.95,35.23,34.87,34.65,85018.4,-0.08,-0.23,35.294,35.744,36.427,75822.9,69437.3,69996.8,0.46
250,2020-09-10 10:30:00,35.15,35.36,35.02,34.9,70707.8,-0.13,-0.37,35.03,35.588,36.2925,83686.4,71868.5,67795.0,0.38
251,2020-09-10 11:30:00,35.03,35.24,34.94,34.92,24003.0,-0.09,-0.26,35.002,35.477,36.1615,56845.8,62459.0,65277.2,0.13
252,2020-09-10 14:00:00,34.93,35.1,35.04,34.9,27881.3,0.11,0.31,34.962,35.381,36.0345,49555.1,57899.0,64890.2,0.15
253,2020-09-10 15:00:00,35.04,35.04,34.56,34.35,64168.2,-0.48,-1.37,34.886,35.236,35.901,54355.7,61042.4,64241.2,0.35
254,2020-09-11 10:30:00,34.21,34.8,34.71,34.21,51640.6,0.5,1.46,34.854,35.074,35.7915,47680.2,61751.6,61163.3,0.28
255,2020-09-11 11:30:00,34.71,34.75,34.49,34.43,17662.4,-0.22,-0.63,34.748,34.889,35.6885,37071.1,60378.7,57166.4,0.1
256,2020-09-11 14:00:00,34.49,34.76,34.65,34.49,21799.4,0.16,0.46,34.69,34.846,35.582,36630.4,46738.1,56129.3,0.12
257,2020-09-11 15:00:00,34.64,34.78,34.71,34.57,39066.1,0.07,0.2,34.624,34.793,35.4685,38867.3,44211.2,55982.8,0.21
258,2020-09-14 10:30:00,35.09,35.28,35.16,34.8,64442.4,0.07,0.2,34.744,34.815,35.381,38922.2,46639.0,55563.3,0.35
259,2020-09-14 11:30:00,35.16,35.23,35.06,34.98,26196.2,-0.1,-0.28,34.814,34.834,35.289,33833.3,40756.7,55097.0,0.14
260,2020-09-14 14:00:00,35.06,35.13,34.81,34.8,27120.4,-0.25,-0.71,34.878,34.813,35.2005,35724.9,36398.0,54133.3,0.15
261,2020-09-14 15:00:00,34.8,35.07,35.02,34.72,26347.3,0.22,0.63,34.952,34.821,35.149,36634.5,36632.4,49545.7,0.14
262,2020-09-15 10:30:00,35.04,35.16,35.04,34.76,38745.5,0,0.0,35.018,34.821,35.101,36570.4,37718.8,47808.9,0.21
263,2020-09-15 11:30:00,35.04,35.1,35.02,34.82,23458.1,-0.02,-0.06,34.99,34.867,35.0515,28373.5,33647.8,47345.1,0.13
264,2020-09-15 14:00:00,35.02,35.19,34.96,34.88,36772.2,-0.06,-0.17,34.97,34.892,34.983,30488.7,32161.0,46956.3,0.2
265,2020-09-15 15:00:00,34.96,35.12,35.1,34.87,29701.5,0.14,0.4,35.028,34.953,34.921,31004.9,33364.9,46871.8,0.16
266,2020-09-16 10:30:00,35.3,35.3,35.24,34.9,42598.3,-0.06,-0.17,35.072,35.012,34.929,34255.1,35444.8,41091.4,0.23
267,2020-09-16 11:30:00,35.21,35.25,35.16,35.05,25214.2,-0.05,-0.14,35.096,35.057,34.925,31548.9,34059.6,39135.4,0.14
268,2020-09-16 14:00:00,35.13,35.2,35.12,35.02,22101.2,-0.01,-0.03,35.116,35.053,34.934,31277.5,29825.5,38232.2,0.12
269,2020-09-16 15:00:00,35.11,35.15,35.12,35,28826.4,0.01,0.03,35.148,35.059,34.9465,29688.3,30088.5,35422.6,0.16
270,2020-09-17 10:30:00,35.1,35.12,34.91,34.61,42857.8,-0.19,-0.54,35.11,35.069,34.941,32319.6,31662.2,34030.1,0.23
271,2020-09-17 11:30:00,34.91,35.02,34.82,34.73,22755.1,-0.09,-0.26,35.026,35.049,34.935,28350.9,31303.0,33967.7,0.12
272,2020-09-17 14:00:00,34.81,35.24,35.23,34.74,34374.1,0.42,1.21,35.04,35.068,34.9445,30182.9,30865.9,34292.4,0.19
273,2020-09-17 15:00:00,35.24,35.31,35.04,35.03,45970.9,-0.2,-0.57,35.024,35.07,34.9685,34956.9,33117.2,33382.5,0.25
274,2020-09-18 10:30:00,35.05,35.34,35.13,35,40090.9,0.08,0.23,35.026,35.087,34.9895,37209.8,33449.0,32805.0,0.22
275,2020-09-18 11:30:00,35.14,35.28,35.22,35.05,17962.2,0.08,0.23,35.088,35.099,35.026,32230.6,32275.1,32820.0,0.1
276,2020-09-18 14:00:00,35.22,35.46,35.34,35.22,41002.8,0.12,0.34,35.192,35.109,35.0605,35880.2,32115.6,33780.2,0.22
277,2020-09-18 15:00:00,35.33,35.65,35.59,35.33,54717.5,0.26,0.74,35.264,35.152,35.1045,39948.9,35065.9,34562.8,0.3
278,2020-09-21 10:30:00,35.8,36.33,35.98,35.7,109393.0,0.18,0.5,35.452,35.238,35.1455,52633.3,43795.1,36810.3,0.59
279,2020-09-21 11:30:00,35.98,36.09,35.98,35.89,22527.9,0,0.0,35.622,35.324,35.1915,49120.7,43165.2,36626.9,0.12
280,2020-09-21 14:00:00,35.96,36.03,35.87,35.74,23402.2,-0.09,-0.25,35.752,35.42,35.2445,50208.7,41219.7,36441.0,0.13
281,2020-09-21 15:00:00,35.87,36.06,35.82,35.8,41506.2,-0.05,-0.14,35.848,35.52,35.2845,50309.4,43094.8,37198.9,0.23
282,2020-09-22 10:30:00,35.7,35.95,35.59,35.51,54094.5,-0.11,-0.31,35.848,35.556,35.312,50184.8,45066.8,37966.4,0.29
283,2020-09-22 11:30:00,35.58,35.62,35.53,35.38,39980.4,-0.05,-0.14,35.758,35.605,35.3375,36302.2,44467.8,38792.5,0.22
284,2020-09-22 14:00:00,35.52,35.55,35.19,35.17,41417.4,-0.33,-0.93,35.6,35.611,35.349,40080.1,44600.4,39024.7,0.22
285,2020-09-22 15:00:00,35.18,35.23,34.98,34.85,62188.7,-0.2,-0.57,35.422,35.587,35.343,47837.4,49023.1,40649.1,0.34
286,2020-09-23 10:30:00,35.07,35.23,34.81,34.81,39183.1,-0.26,-0.74,35.22,35.534,35.3215,47372.8,48841.1,40478.3,0.21
287,2020-09-23 11:30:00,34.81,34.98,34.93,34.81,20877.7,0.12,0.34,35.088,35.468,35.31,40729.5,45457.1,40261.5,0.11
288,2020-09-23 14:00:00,34.92,35.15,35.12,34.92,18901.3,0.2,0.57,35.006,35.382,35.31,36513.6,36407.9,40101.5,0.1
289,2020-09-23 15:00:00,35.12,35.19,35,34.99,21185.5,-0.12,-0.34,34.968,35.284,35.304,32467.3,36273.7,39719.5,0.11
290,2020-09-24 10:30:00,34.78,34.81,34.55,34.5,52388.8,-0.23,-0.66,34.882,35.152,35.286,30507.3,39172.4,40196.0,0.28
291,2020-09-24 11:30:00,34.55,34.63,34.45,34.34,30520.9,-0.1,-0.29,34.81,35.015,35.2675,28774.8,38073.8,40584.3,0.17
292,2020-09-24 14:00:00,34.47,34.6,34.51,34.4,18564.0,0.04,0.12,34.726,34.907,35.2315,28312.1,34520.8,39793.8,0.1
293,2020-09-24 15:00:00,34.53,34.63,34.48,34.41,21228.8,-0.05,-0.14,34.598,34.802,35.2035,28777.6,32645.6,38556.7,0.12
294,2020-09-25 10:30:00,34.63,34.73,34.55,34.38,35594.2,-0.08,-0.23,34.508,34.738,35.1745,31659.3,32063.3,38331.9,0.19
295,2020-09-25 11:30:00,34.55,34.61,34.47,34.42,13969.0,-0.08,-0.23,34.492,34.687,35.137,23975.4,27241.3,38132.2,0.08
296,2020-09-25 14:00:00,34.47,34.53,34.44,34.28,24509.7,-0.03,-0.09,34.49,34.65,35.092,22773.1,25774.0,37307.5,0.13
297,2020-09-25 15:00:00,34.44,34.59,34.47,34.32,24497.2,0.03,0.09,34.482,34.604,35.036,23959.8,26135.9,35796.5,0.13
298,2020-09-28 10:30:00,34.55,34.78,34.43,34.41,33051.7,-0.12,-0.35,34.472,34.535,34.9585,26324.4,27551.0,31979.5,0.18
299,2020-09-28 11:30:00,34.44,34.48,34.4,34.35,14903.9,-0.04,-0.12,34.442,34.475,34.8795,22186.3,26922.8,31598.3,0.08
300,2020-09-28 14:00:00,34.39,34.57,34.44,34.31,16217.0,0.05,0.15,34.436,34.464,34.808,22635.9,23305.6,31239.0,0.09
301,2020-09-28 15:00:00,34.45,34.46,34.05,34.05,32330.3,-0.4,-1.16,34.358,34.424,34.7195,24200.0,23486.6,30780.2,0.18
302,2020-09-29 10:30:00,34.3,34.64,34.64,34.22,50477.6,0.34,0.99,34.392,34.437,34.672,29396.1,26677.9,30599.4,0.27
303,2020-09-29 11:30:00,34.64,34.76,34.67,34.55,23373.1,0.03,0.09,34.44,34.456,34.629,27460.4,26892.4,29769.0,0.13
304,2020-09-29 14:00:00,34.67,34.69,34.52,34.5,16981.9,-0.15,-0.43,34.464,34.453,34.5955,27876.0,25031.1,28547.2,0.09
305,2020-09-29 15:00:00,34.52,34.66,34.5,34.48,22447.4,-0.02,-0.06,34.476,34.456,34.5715,29122.1,25879.0,26560.2,0.12
306,2020-09-30 10:30:00,34.57,34.83,34.8,34.55,37791.1,0.23,0.67,34.626,34.492,34.571,30214.2,27207.1,26490.6,0.2
307,2020-09-30 11:30:00,34.8,34.82,34.63,34.6,18275.8,-0.17,-0.49,34.624,34.508,34.556,23773.9,26585.0,26360.5,0.1
308,2020-09-30 14:00:00,34.6,34.67,34.32,34.28,27351.1,-0.28,-0.81,34.554,34.497,34.516,24569.5,26014.9,26783.0,0.15
309,2020-09-30 15:00:00,34.32,34.49,34.27,34.18,32107.0,-0.05,-0.15,34.504,34.484,34.4795,27594.5,27735.2,27329.0,0.17
310,2020-10-09 10:30:00,34.82,35.61,35.53,34.82,92885.6,0.71,2.04,34.71,34.593,34.5285,41682.1,35402.1,29353.9,0.5
311,2020-10-09 11:30:00,35.52,35.73,35.62,35.47,42682.6,0.1,0.28,34.874,34.75,34.587,42660.4,36437.3,29962.0,0.23
312,2020-10-09 14:00:00,35.62,35.65,35.56,35.39,29955.8,-0.06,-0.17,35.06,34.842,34.6395,44996.4,34385.1,30531.5,0.16
313,2020-10-09 15:00:00,35.56,35.57,35.54,35.43,30278.0,-0.02,-0.06,35.304,34.929,34.6925,45581.8,35075.6,30984.0,0.16
314,2020-10-12 10:30:00,35.71,36.11,35.93,35.71,74215.2,0.22,0.62,35.636,35.07,34.7615,54003.4,40799.0,32915.0,0.4
315,2020-10-12 11:30:00,35.93,36.15,36.08,35.91,55066.6,0.15,0.42,35.746,35.228,34.842,46439.6,44060.9,34969.9,0.3
316,2020-10-12 14:00:00,36.08,36.26,36.06,36.03,58901.1,-0.02,-0.06,35.834,35.354,34.923,49683.3,46171.9,36689.5,0.32
317,2020-10-12 15:00:00,36.06,36.12,36.11,36.01,43739.5,0.05,0.14,35.944,35.502,35.005,52440.1,48718.2,37651.6,0.24
318,2020-10-13 10:30:00,36.14,36.15,35.88,35.73,79084.8,-0.26,-0.72,36.012,35.658,35.0775,62201.4,53891.6,39953.3,0.43
319,2020-10-13 11:30:00,35.88,36.47,36.46,35.84,62159.9,0.58,1.62,36.118,35.877,35.1805,59790.4,56896.9,42316.1,0.34
320,2020-10-13 14:00:00,36.46,36.81,36.61,36.33,102685.0,0.15,0.41,36.224,35.985,35.289,69314.1,57876.9,46639.5,0.56
321,2020-10-13 15:00:00,36.62,36.78,36.66,36.51,65118.9,0.04,0.11,36.344,36.089,35.4195,70557.6,60120.5,48278.9,0.35
322,2020-10-14 10:30:00,36.4,36.66,36.33,36.22,88660.2,-0.07,-0.19,36.388,36.166,35.504,79541.8,65990.9,50188.0,0.48
323,2020-10-14 11:30:00,36.33,36.58,36.4,36.31,37935.0,0.07,0.19,36.492,36.252,35.5905,71311.8,66756.6,50916.1,0.21
324,2020-10-14 14:00:00,36.41,36.47,36.39,36.29,28350.4,-0.02,-0.05,36.478,36.298,35.684,64549.9,62170.1,51484.6,0.15
325,2020-10-14 15:00:00,36.39,36.52,36.43,36.32,35950.3,0.04,0.11,36.442,36.333,35.7805,51203.0,60258.5,52159.7,0.19
326,2020-10-15 10:30:00,36.08,36.39,36.21,36.01,68394.1,0.13,0.36,36.352,36.348,35.851,51858.0,61207.8,53689.8,0.37
327,2020-10-15 11:30:00,36.21,36.25,36.04,35.9,35254.7,-0.17,-0.47,36.294,36.341,35.9215,41176.9,60359.3,54538.8,0.19
328,2020-10-15 14:00:00,36.04,36.14,35.85,35.8,36878.0,-0.19,-0.53,36.184,36.338,35.998,40965.5,56138.6,55015.1,0.2
329,2020-10-15 15:00:00,35.85,35.97,35.85,35.77,36430.6,0,0.0,36.076,36.277,36.077,42581.5,53565.7,55231.3,0.2
330,2020-10-16 10:30:00,35.77,35.98,35.58,35.48,46638.9,-0.19,-0.53,35.906,36.174,36.0795,44719.3,47961.1,52919.0,0.25
331,2020-10-16 11:30:00,35.59,35.74,35.42,35.39,26851.7,-0.17,-0.48,35.748,36.05,36.0695,36410.8,44134.4,52127.4,0.15
332,2020-10-16 14:00:00,35.41,35.8,35.68,35.41,24507.7,0.27,0.76,35.676,35.985,36.0755,34261.4,37719.1,51855.0,0.13
333,2020-10-16 15:00:00,35.66,35.73,35.66,35.55,24997.4,0,0.0,35.638,35.911,36.0815,31885.3,36425.4,51591.0,0.14
334,2020-10-19 10:30:00,36.08,36.08,35.64,35.61,47722.2,-0.44,-1.22,35.596,35.836,36.067,34143.6,38362.6,50266.4,0.26
335,2020-10-19 11:30:00,35.64,35.84,35.55,35.52,21114.2,-0.09,-0.25,35.59,35.748,36.0405,29038.6,36878.9,48568.7,0.11
336,2020-10-19 14:00:00,35.55,35.65,35.39,35.35,33116.8,-0.16,-0.45,35.584,35.666,36.007,30291.7,33351.2,47279.5,0.18
337,2020-10-19 15:00:00,35.39,35.5,35.35,35.3,27677.6,-0.04,-0.11,35.518,35.597,35.969,30925.6,32593.5,46476.4,0.15
338,2020-10-20 10:30:00,35.35,35.55,35.4,35.22,33101.1,0.05,0.14,35.466,35.552,35.945,32546.4,32215.8,44177.2,0.18
339,2020-10-20 11:30:00,35.39,35.45,35.43,35.18,15881.0,0.04,0.11,35.424,35.51,35.8935,26178.1,30160.9,41863.3,0.09
340,2020-10-20 14:00:00,35.43,35.58,35.54,35.33,21891.6,0.11,0.31,35.422,35.506,35.84,26333.6,27686.1,37823.6,0.12
341,2020-10-20 15:00:00,35.53,35.61,35.58,35.42,23060.9,0.05,0.14,35.46,35.522,35.786,24322.4,27307.0,35720.7,0.13
342,2020-10-21 10:30:00,35.6,35.6,34.86,34.81,73664.3,-0.74,-2.08,35.362,35.44,35.7125,33519.8,32222.7,34970.9,0.4
343,2020-10-21 11:30:00,34.86,34.86,34.74,34.61,42373.1,-0.12,-0.34,35.23,35.348,35.6295,35374.2,33960.3,35192.8,0.23
344,2020-10-21 14:00:00,34.75,34.79,34.63,34.55,34629.8,-0.12,-0.35,35.07,35.247,35.5415,39123.9,32651.0,35506.8,0.19
345,2020-10-21 15:00:00,34.64,34.85,34.76,34.61,27727.6,0.12,0.35,34.914,35.168,35.458,40291.1,33312.4,35095.7,0.15
346,2020-10-22 10:30:00,34.9,35.05,34.85,34.63,42212.7,-0.05,-0.14,34.768,35.114,35.39,44121.5,34222.0,33786.6,0.23
347,2020-10-22 11:30:00,34.83,34.92,34.86,34.78,12376.9,0.03,0.09,34.768,35.065,35.331,31864.0,32691.9,32642.7,0.07
348,2020-10-22 14:00:00,34.87,35,34.91,34.86,14454.6,0.04,0.11,34.802,35.016,35.284,26280.3,30827.2,31521.5,0.08
349,2020-10-22 15:00:00,34.91,34.94,34.79,34.76,23472.6,-0.12,-0.34,34.834,34.952,35.231,24048.9,31586.4,30873.6,0.13
